c0;c0_0;Lời Nói Đầu

c1;c1_1;Bài 1 : Mở Đầu Môn Học
c1;c1_2;Bài 2 : Chất
c1;c1_3;Bài 3 : Bài Thực Hành 1
c1;c1_4;Bài 4 : Nguyên Tử
c1;c1_5;Bài 5 : Nguyên Tố Hóa Học
c1;c1_6;Bài 6 : Đơn Chất và Hợp Chất - Phân Tử
c1;c1_7;Bài 7 : Bài Thực Hành 2
c1;c1_8;Bài 8 : Bài Luyện Tập Số 1
c1;c1_9;Bài 9 : Công Thức Hóa Học
c1;c1_10;Bài 10 : Hóa Trị
c1;c1_11;Bài 11 : Bài Luyện Tập Số 2

c2;c2_1;Bài 12: Sự biến đổi chất
c2;c2_2;Bài 13: Phản ứng hóa học
c2;c2_3;Bài 14: Bài thực hành 3
c2;c2_4;Bài 15: Định luật bảo toàn khối lượng
c2;c2_5;Bài 16: Phương trình hóa học
c2;c2_6;Bài 17: Bài luyện tập 3

c3;c3_1;Bài 18: Mol
c3;c3_2;Bài 19: Chuyển đổi giữa khối lượng thể tích và lượng chất
c3;c3_3;Bài 20: Tỉ khối của chất khí
c3;c3_4;Bài 21: Tính theo công thức hóa học
c3;c3_5;Bài 22: Tính theo phương trình hóa học
c3;c3_6;Bài 23: Bài luyện tập 4

c4;c4_1;Bài 24: Tính chất của oxi
c4;c4_2;Bài 25: Sự oxi hóa - Phản ứng hóa hợp - Ứng dụng của oxi
c4;c4_3;Bài 26: Oxit
c4;c4_4;Bài 27: Điều chế khí oxi - Phản ứng phân hủy
c4;c4_5;Bài 28: Không khí - Sự cháy
c4;c4_6;Bài 29: Bài luyện tập 5
c4;c4_7;Bài 30: Bài thực hành 4

c5;c5_1;Bài 31: Tính chất - Ứng dụng của hiđro
c5;c5_2;Bài 32: Phản ứng oxi hóa khử
c5;c5_3;Bài 33: Điều chế khí hidro - Phản ứng thế
c5;c5_4;Bài 34: Bài luyện tập 6
c5;c5_5;Bài 35: Bài thực hành 5
c5;c5_6;Bài 36: Nước
c5;c5_7;Bài 37: Axit - Bazơ - Muối
c5;c5_8;Bài 38: Bài luyện tập 7
c5;c5_9;Bài 39: Bài thực hành 6

c6;c6_1;Bài 40: Dung dịch
c6;c6_2;Bài 41: Độ tan của một chất trong nước
c6;c6_3;Bài 42: Nồng độ dung dịch
c6;c6_4;Bài 43: Pha chế dung dịch
c6;c6_5;Bài 44: Bài luyện tập 8