0;Cám Ơn Vì Đã Tải Ứng Dụng; 0 Câu
1;Đề Luyện Tập 001 ;10 Câu ( 15 Phút )
2;Đề Luyện Tập 002 ;10 Câu ( 15 Phút )
3;Đề Luyện Tập 003 ;10 Câu ( 15 Phút )
4;Đề Luyện Tập 004 ;10 Câu ( 15 Phút )
5;Đề Luyện Tập 005 ;10 Câu ( 15 Phút )
6;Đề Luyện Tập 006 ;10 Câu ( 15 Phút )
7;Đề Luyện Tập 007 ;10 Câu ( 15 Phút )
8;Đề Luyện Tập 008 ;10 Câu ( 15 Phút )
9;Đề Luyện Tập 009 ;10 Câu ( 15 Phút )
10;Đề Luyện Tập 010 ;10 Câu ( 15 Phút )
11;Đề Luyện Tập 011 ;10 Câu ( 15 Phút )
12;Đề Luyện Tập 012 ;10 Câu ( 15 Phút )
13;Đề Luyện Tập 013 ;10 Câu ( 15 Phút )
14;Đề Luyện Tập 014 ;10 Câu ( 15 Phút )
15;Đề Luyện Tập 015 ;10 Câu ( 15 Phút )
16;Đề Luyện Tập 016 ;10 Câu ( 15 Phút )
17;Đề Luyện Tập 017 ;10 Câu ( 15 Phút )
18;Đề Luyện Tập 018 ;10 Câu ( 15 Phút )
19;Đề Luyện Tập 019 ;10 Câu ( 15 Phút )
20;Đề Luyện Tập 020 ;10 Câu ( 15 Phút )